<tileset name="OpenRTS Default" path="data/graphics" version="1.0"
	 tile_width="96" tile_height="48" edge_tile_height="64"
         panel_width="112" panel_height="108">
 
<file src="terrain/terrain.png">
    <terrain name="plains" x="1" y="66" 
             width="96" height="64" pixelsalpha="false">
    <frame slot-x="0" slot-y="0"/>
  </terrain>

  <terrain name="ocean" x="1" y="131" 
           width="96" height="64" pixelsalpha="false">
    <frame slot-x="0" slot-y="0"/>
  </terrain>

  <terrain name="select" x="1" y="196" 
           width="96" height="64" pixelsalpha="false">
    <frame slot-x="0" slot-y="0"/>
  </terrain>


  <edgeterrain primary="ocean" secondary="plains" x="1" y="600" 
           width="48" height="24" pixelalpha="false">
    <frame key="wwuw" slot-x="0" slot-y="0"/>
    <frame key="uwww" slot-x="0" slot-y="1"/>
    <frame key="wuww" slot-x="0" slot-y="2"/>
    <frame key="wwwu" slot-x="1" slot-y="2"/>

    <frame key="wwul" slot-x="2" slot-y="0"/>
    <frame key="ulww" slot-x="2" slot-y="1"/>
    <frame key="wulw" slot-x="2" slot-y="2"/>
    <frame key="lwwu" slot-x="3" slot-y="2"/>

    <frame key="lwuw" slot-x="4" slot-y="0"/>
    <frame key="uwlw" slot-x="4" slot-y="1"/>
    <frame key="wuwl" slot-x="4" slot-y="2"/>
    <frame key="wlwu" slot-x="5" slot-y="2"/>

    <frame key="lwul" slot-x="6" slot-y="0"/>
    <frame key="ullw" slot-x="6" slot-y="1"/>
    <frame key="wull" slot-x="6" slot-y="2"/>
    <frame key="llwu" slot-x="7" slot-y="2"/>

    <frame key="wluw" slot-x="8" slot-y="0"/>
    <frame key="uwwl" slot-x="8" slot-y="1"/>
    <frame key="luww" slot-x="8" slot-y="2"/>
    <frame key="wwlu" slot-x="9" slot-y="2"/>

    <frame key="wlul" slot-x="10" slot-y="0"/>
    <frame key="ulwl" slot-x="10" slot-y="1"/>
    <frame key="lulw" slot-x="10" slot-y="2"/>
    <frame key="lwlu" slot-x="11" slot-y="2"/>

    <frame key="lluw" slot-x="12" slot-y="0"/>
    <frame key="uwll" slot-x="12" slot-y="1"/>
    <frame key="luwl" slot-x="12" slot-y="2"/>
    <frame key="wllu" slot-x="13" slot-y="2"/>

    <frame key="llul" slot-x="14" slot-y="0"/>
    <frame key="ulll" slot-x="14" slot-y="1"/>
    <frame key="lull" slot-x="14" slot-y="2"/>
    <frame key="lllu" slot-x="15" slot-y="2"/>
  </edgeterrain>
</file>

<file src="unit_drone.png">
  <unit name="drone" frames="8" x="1" y="1" 
        width="96" height="64" pixelalpha="true">
    <frame dir="0" anim_frame="0" slot-x="0" slot-y="0"/>
    <frame dir="0" anim_frame="1" slot-x="0" slot-y="1"/>
    <frame dir="0" anim_frame="2" slot-x="0" slot-y="2"/>
    <frame dir="0" anim_frame="3" slot-x="0" slot-y="3"/>
    <frame dir="0" anim_frame="4" slot-x="0" slot-y="4"/>
    <frame dir="0" anim_frame="5" slot-x="0" slot-y="5"/>
    <frame dir="0" anim_frame="6" slot-x="0" slot-y="6"/>
    <frame dir="0" anim_frame="7" slot-x="0" slot-y="7"/>
    <frame dir="1" anim_frame="0" slot-x="1" slot-y="0"/>
    <frame dir="1" anim_frame="1" slot-x="1" slot-y="1"/>
    <frame dir="1" anim_frame="2" slot-x="1" slot-y="2"/>
    <frame dir="1" anim_frame="3" slot-x="1" slot-y="3"/>
    <frame dir="1" anim_frame="4" slot-x="1" slot-y="4"/>
    <frame dir="1" anim_frame="5" slot-x="1" slot-y="5"/>
    <frame dir="1" anim_frame="6" slot-x="1" slot-y="6"/>
    <frame dir="1" anim_frame="7" slot-x="1" slot-y="7"/>
    <frame dir="2" anim_frame="0" slot-x="2" slot-y="0"/>
    <frame dir="2" anim_frame="1" slot-x="2" slot-y="1"/>
    <frame dir="2" anim_frame="2" slot-x="2" slot-y="2"/>
    <frame dir="2" anim_frame="3" slot-x="2" slot-y="3"/>
    <frame dir="2" anim_frame="4" slot-x="2" slot-y="4"/>
    <frame dir="2" anim_frame="5" slot-x="2" slot-y="5"/>
    <frame dir="2" anim_frame="6" slot-x="2" slot-y="6"/>
    <frame dir="2" anim_frame="7" slot-x="2" slot-y="7"/>
    <frame dir="3" anim_frame="0" slot-x="3" slot-y="0"/>
    <frame dir="3" anim_frame="1" slot-x="3" slot-y="1"/>
    <frame dir="3" anim_frame="2" slot-x="3" slot-y="2"/>
    <frame dir="3" anim_frame="3" slot-x="3" slot-y="3"/>
    <frame dir="3" anim_frame="4" slot-x="3" slot-y="4"/>
    <frame dir="3" anim_frame="5" slot-x="3" slot-y="5"/>
    <frame dir="3" anim_frame="6" slot-x="3" slot-y="6"/>
    <frame dir="3" anim_frame="7" slot-x="3" slot-y="7"/>
    <frame dir="4" anim_frame="0" slot-x="4" slot-y="0"/>
    <frame dir="4" anim_frame="1" slot-x="4" slot-y="1"/>
    <frame dir="4" anim_frame="2" slot-x="4" slot-y="2"/>
    <frame dir="4" anim_frame="3" slot-x="4" slot-y="3"/>
    <frame dir="4" anim_frame="4" slot-x="4" slot-y="4"/>
    <frame dir="4" anim_frame="5" slot-x="4" slot-y="5"/>
    <frame dir="4" anim_frame="6" slot-x="4" slot-y="6"/>
    <frame dir="4" anim_frame="7" slot-x="4" slot-y="7"/>
    <frame dir="5" anim_frame="0" slot-x="5" slot-y="0"/>
    <frame dir="5" anim_frame="1" slot-x="5" slot-y="1"/>
    <frame dir="5" anim_frame="2" slot-x="5" slot-y="2"/>
    <frame dir="5" anim_frame="3" slot-x="5" slot-y="3"/>
    <frame dir="5" anim_frame="4" slot-x="5" slot-y="4"/>
    <frame dir="5" anim_frame="5" slot-x="5" slot-y="5"/>
    <frame dir="5" anim_frame="6" slot-x="5" slot-y="6"/>
    <frame dir="5" anim_frame="7" slot-x="5" slot-y="7"/>
    <frame dir="6" anim_frame="0" slot-x="6" slot-y="0"/>
    <frame dir="6" anim_frame="1" slot-x="6" slot-y="1"/>
    <frame dir="6" anim_frame="2" slot-x="6" slot-y="2"/>
    <frame dir="6" anim_frame="3" slot-x="6" slot-y="3"/>
    <frame dir="6" anim_frame="4" slot-x="6" slot-y="4"/>
    <frame dir="6" anim_frame="5" slot-x="6" slot-y="5"/>
    <frame dir="6" anim_frame="6" slot-x="6" slot-y="6"/>
    <frame dir="6" anim_frame="7" slot-x="6" slot-y="7"/>
    <frame dir="7" anim_frame="0" slot-x="7" slot-y="0"/>
    <frame dir="7" anim_frame="1" slot-x="7" slot-y="1"/>
    <frame dir="7" anim_frame="2" slot-x="7" slot-y="2"/>
    <frame dir="7" anim_frame="3" slot-x="7" slot-y="3"/>
    <frame dir="7" anim_frame="4" slot-x="7" slot-y="4"/>
    <frame dir="7" anim_frame="5" slot-x="7" slot-y="5"/>
    <frame dir="7" anim_frame="6" slot-x="7" slot-y="6"/>
    <frame dir="7" anim_frame="7" slot-x="7" slot-y="7"/>
  </unit>
</file>

<file src="cursors.png">
  <cursor name="goto" frames="6" x="1" y="1" 
        width="32" height="32" pixelalpha="true">
    <frame anim_frame="0" slot-x="0" slot-y="0"/>
    <frame anim_frame="1" slot-x="0" slot-y="1"/>
    <frame anim_frame="2" slot-x="0" slot-y="2"/>
    <frame anim_frame="3" slot-x="0" slot-y="3"/>
    <frame anim_frame="4" slot-x="0" slot-y="4"/>
    <frame anim_frame="5" slot-x="0" slot-y="5"/>
  </cursor>
  <cursor name="patrol" frames="6" x="1" y="1" 
        width="32" height="32" pixelalpha="true">
    <frame anim_frame="0" slot-x="1" slot-y="0"/>
    <frame anim_frame="1" slot-x="1" slot-y="1"/>
    <frame anim_frame="2" slot-x="1" slot-y="2"/>
    <frame anim_frame="3" slot-x="1" slot-y="3"/>
    <frame anim_frame="4" slot-x="1" slot-y="4"/>
    <frame anim_frame="5" slot-x="1" slot-y="5"/>
  </cursor>
  <cursor name="select" frames="6" x="1" y="1" 
        width="32" height="32" pixelalpha="true">
    <frame anim_frame="0" slot-x="2" slot-y="0"/>
    <frame anim_frame="1" slot-x="2" slot-y="1"/>
    <frame anim_frame="2" slot-x="2" slot-y="2"/>
    <frame anim_frame="3" slot-x="2" slot-y="3"/>
    <frame anim_frame="4" slot-x="2" slot-y="4"/>
    <frame anim_frame="5" slot-x="2" slot-y="5"/>
  </cursor>
  <cursor name="invalid" frames="6" x="1" y="1" 
        width="32" height="32" pixelalpha="true">
    <frame anim_frame="0" slot-x="3" slot-y="0"/>
    <frame anim_frame="1" slot-x="3" slot-y="1"/>
    <frame anim_frame="2" slot-x="3" slot-y="2"/>
    <frame anim_frame="3" slot-x="3" slot-y="3"/>
    <frame anim_frame="4" slot-x="3" slot-y="4"/>
    <frame anim_frame="5" slot-x="3" slot-y="5"/>
  </cursor>
  <cursor name="attack" frames="6" x="1" y="1" 
        width="32" height="32" pixelalpha="true">
    <frame anim_frame="0" slot-x="4" slot-y="0"/>
    <frame anim_frame="1" slot-x="4" slot-y="1"/>
    <frame anim_frame="2" slot-x="4" slot-y="2"/>
    <frame anim_frame="3" slot-x="4" slot-y="3"/>
    <frame anim_frame="4" slot-x="4" slot-y="4"/>
    <frame anim_frame="5" slot-x="4" slot-y="5"/>
  </cursor>
  <cursor name="wait" frames="6" x="1" y="1" 
        width="32" height="32" pixelalpha="true">
    <frame anim_frame="0" slot-x="5" slot-y="0"/>
    <frame anim_frame="1" slot-x="5" slot-y="1"/>
    <frame anim_frame="2" slot-x="5" slot-y="2"/>
    <frame anim_frame="3" slot-x="5" slot-y="3"/>
    <frame anim_frame="4" slot-x="5" slot-y="4"/>
    <frame anim_frame="5" slot-x="5" slot-y="5"/>
  </cursor>

</file>

<file src="interface/interface1.png">

  <sprite name="panel_right_top" x="0" y="0" 
          width="140" height="162" pixelalpha="true"/>
  <sprite name="panel_right_center" x="0" y="164" 
          width="140" height="22" pixelalpha="true"/>
  <sprite name="panel_right_bottom" x="0" y="187" 
          width="140" height="111" pixelalpha="true"/>

</file>
<file src="interface/interface2.png">

  <sprite name="panel_bottom_left" x="0" y="0" 
          width="9" height="108" pixelalpha="true"/>
  <sprite name="panel_bottom_top" x="11" y="0" 
          width="9" height="5" pixelalpha="true"/>
  <sprite name="panel_bottom_right" x="21" y="0" 
          width="13" height="108" pixelalpha="true"/>

</file>

<file src="misc/bullet1.png">
  <bullet name="flame" frames="1" x="1" y="1" 
        width="32" height="32" pixelalpha="true">
    <frame dir="0" anim_frame="0" slot-x="0" slot-y="0"/>
    <frame dir="1" anim_frame="0" slot-x="1" slot-y="0"/>
    <frame dir="2" anim_frame="0" slot-x="2" slot-y="0"/>
    <frame dir="3" anim_frame="0" slot-x="3" slot-y="0"/>
    <frame dir="4" anim_frame="0" slot-x="4" slot-y="0"/>
    <frame dir="5" anim_frame="0" slot-x="5" slot-y="0"/>
    <frame dir="6" anim_frame="0" slot-x="6" slot-y="0"/>
    <frame dir="7" anim_frame="0" slot-x="7" slot-y="0"/>

  </bullet>
</file>

 
</tileset>



